arm,run_dir,client_seed,train_excess_pct,c100_pct,c500_pct,calls,hours,usd
EoH,eoh_main_eoh_800_evt30_s2e2_cs20501_20260908T011156,20501,0.955831,1.419393,0.248386,800,1.575889,0.152470
EoH,eoh_main_eoh_800_evt30_s2e2_cs20502_20260908T011156,20502,3.793138,4.089290,0.546648,800,1.436722,0.145691
EoH,eoh_main_eoh_800_evt30_s2e2_cs20503_20260908T024220,20503,0.955831,1.211175,0.347642,800,1.499389,0.155227
EoH,eoh_main_eoh_800_evt30_s2e2_cs20504_20260908T025704,20504,0.784787,0.953383,1.291808,800,1.433861,0.137303
EoH,eoh_main_eoh_800_evt30_s2e2_cs20505_20260908T041249,20505,1.690311,1.578117,3.576666,800,1.561444,0.163803
EoH,eoh_main_eoh_800_evt30_s2e2_cs20506_20260908T053318,20506,3.008351,3.156771,0.894290,800,1.471250,0.140729
EoH,eoh_main_eoh_800_evt30_s2e2_cs20507_20260908T054908,20507,1.197304,1.250823,0.546648,800,1.528306,0.145757
EoH,eoh_main_eoh_800_evt30_s2e2_cs20508_20260908T072118,20508,1.418654,1.588118,0.496773,800,1.459389,0.143923
EoH,eoh_main_eoh_800_evt30_s2e2_cs20509_20260908T074436,20509,3.853506,4.129077,0.546648,800,1.513611,0.152845
EoH,eoh_main_eoh_800_evt30_s2e2_cs20510_20260908T090018,20510,0.855217,1.002834,0.447145,800,1.533889,0.153998
EoH,eoh_main_eoh_800_evt30_s2e2_cs20601_20260908T122523,20601,0.633867,0.793992,3.576666,800,1.902694,0.148221
EoH,eoh_main_eoh_800_evt30_s2e2_cs20602_20260908T122523,20602,1.267733,1.329928,4.172942,800,2.110194,0.178716
EoH,eoh_main_eoh_800_evt30_s2e2_cs20603_20260908T141633,20603,1.348224,1.588285,0.546648,800,1.961361,0.146101
EoH,eoh_main_eoh_800_evt30_s2e2_cs20604_20260908T143237,20604,0.915585,1.072161,0.546648,800,2.028778,0.154081
EoH,eoh_main_eoh_800_evt30_s2e2_cs20605_20260908T161454,20605,3.038535,3.116606,12.270688,800,1.763139,0.146596
EoH,eoh_main_eoh_800_evt30_s2e2_cs20606_20260908T175849,20606,1.096690,1.310367,1.043174,800,1.721278,0.136097
EoH,eoh_main_eoh_800_evt30_s2e2_cs20607_20260908T182151,20607,0.603682,0.754319,0.695532,800,1.882222,0.153939
EoH,eoh_main_eoh_800_evt30_s2e2_cs20608_20260908T195750,20608,1.328101,1.886504,2.235478,800,1.943389,0.179531
EoH,eoh_main_eoh_800_evt30_s2e2_cs20609_20260908T202944,20609,0.835094,0.963308,1.093297,800,2.048583,0.165365
EoH,eoh_main_eoh_800_evt30_s2e2_cs20610_20260908T220331,20610,1.106751,1.180895,0.298014,800,1.785556,0.138260
L_level_T1e-5,eoh_x1_level_T0.00001_800_bh_sigE_s2e2_cs20501_20260908T011156,20501,0.875340,1.181397,0.546648,800,1.497194,0.149059
L_level_T1e-5,eoh_x1_level_T0.00001_800_bh_sigE_s2e2_cs20502_20260908T011156,20502,1.076567,1.240897,0.496773,800,1.743556,0.188568
L_level_T1e-5,eoh_x1_level_T0.00001_800_bh_sigE_s2e2_cs20503_20260908T024659,20503,2.122950,2.024746,3.229024,800,1.405861,0.147396
L_level_T1e-5,eoh_x1_level_T0.00001_800_bh_sigE_s2e2_cs20504_20260908T040240,20504,0.684173,1.002941,127.668174,800,1.501833,0.147945
L_level_T1e-5,eoh_x1_level_T0.00001_800_bh_sigE_s2e2_cs20505_20260908T041300,20505,0.664051,0.843586,0.496773,800,1.592389,0.165015
L_level_T1e-5,eoh_x1_level_T0.00001_800_bh_sigE_s2e2_cs20506_20260908T054106,20506,1.277795,1.459250,0.496773,800,1.926667,0.176324
L_level_T1e-5,eoh_x1_level_T0.00001_800_bh_sigE_s2e2_cs20507_20260908T055948,20507,1.750679,1.667419,4.470957,800,1.735806,0.164097
L_level_T1e-5,eoh_x1_level_T0.00001_800_bh_sigE_s2e2_cs20508_20260908T072418,20508,1.750679,1.855967,1.937464,800,1.590806,0.149803
L_level_T1e-5,eoh_x1_level_T0.00001_800_bh_sigE_s2e2_cs20509_20260908T083455,20509,1.207365,1.687520,4.719343,800,1.762250,0.162457
L_level_T1e-5,eoh_x1_level_T0.00001_800_bh_sigE_s2e2_cs20510_20260908T090915,20510,1.076567,1.330152,246.827844,800,1.520167,0.148433
L_level_T1e-5,eoh_x1_level_T0.00001_800_bh_sigE_s2e2_cs20601_20260908T122523,20601,1.559513,2.284014,0.596276,800,1.800611,0.140925
L_level_T1e-5,eoh_x1_level_T0.00001_800_bh_sigE_s2e2_cs20602_20260908T122523,20602,1.227488,1.538464,1.042926,800,1.915917,0.145180
L_level_T1e-5,eoh_x1_level_T0.00001_800_bh_sigE_s2e2_cs20603_20260908T142013,20603,1.026260,1.161648,0.496773,800,1.893972,0.142544
L_level_T1e-5,eoh_x1_level_T0.00001_800_bh_sigE_s2e2_cs20604_20260908T160809,20604,0.664051,0.794189,0.198759,800,1.832528,0.148782
L_level_T1e-5,eoh_x1_level_T0.00001_800_bh_sigE_s2e2_cs20605_20260908T162059,20605,0.845155,0.883471,0.496773,800,2.265778,0.197399
L_level_T1e-5,eoh_x1_level_T0.00001_800_bh_sigE_s2e2_cs20606_20260908T180120,20606,0.714358,0.754378,4.023811,800,1.995694,0.161509
L_level_T1e-5,eoh_x1_level_T0.00001_800_bh_sigE_s2e2_cs20607_20260908T183737,20607,0.885401,1.032853,0.149131,800,1.857972,0.152004
L_level_T1e-5,eoh_x1_level_T0.00001_800_bh_sigE_s2e2_cs20608_20260908T200145,20608,1.116813,1.459765,0.496773,800,2.018694,0.173749
L_level_T1e-5,eoh_x1_level_T0.00001_800_bh_sigE_s2e2_cs20609_20260908T215509,20609,0.623805,0.963308,0.645904,800,2.103806,0.151907
L_level_T1e-5,eoh_x1_level_T0.00001_800_bh_sigE_s2e2_cs20610_20260908T221355,20610,0.915585,1.072161,0.546648,800,1.795389,0.144088
N_none_T0.003,eoh_x1_none_T0.003_800_bh_sigE_s2e2_cs20501_20260908T011156,20501,3.129087,3.374541,0.496773,800,1.584611,0.152608
N_none_T0.003,eoh_x1_none_T0.003_800_bh_sigE_s2e2_cs20502_20260908T023839,20502,2.475098,2.649994,7.054077,800,1.391528,0.143489
N_none_T0.003,eoh_x1_none_T0.003_800_bh_sigE_s2e2_cs20503_20260908T024740,20503,0.623805,0.754280,2.334981,800,1.413861,0.145149
N_none_T0.003,eoh_x1_none_T0.003_800_bh_sigE_s2e2_cs20504_20260908T041153,20504,0.674112,0.913429,1.887589,800,1.478222,0.154242
N_none_T0.003,eoh_x1_none_T0.003_800_bh_sigE_s2e2_cs20505_20260908T042338,20505,0.583560,0.903686,0.496773,800,1.593806,0.160633
N_none_T0.003,eoh_x1_none_T0.003_800_bh_sigE_s2e2_cs20506_20260908T054704,20506,1.016199,1.280590,0.496773,800,1.612278,0.142114
N_none_T0.003,eoh_x1_none_T0.003_800_bh_sigE_s2e2_cs20507_20260908T070216,20507,0.704296,0.933054,1.739200,800,1.534417,0.143307
N_none_T0.003,eoh_x1_none_T0.003_800_bh_sigE_s2e2_cs20508_20260908T073713,20508,0.925646,1.439284,2.732251,800,1.525722,0.147741
N_none_T0.003,eoh_x1_none_T0.003_800_bh_sigE_s2e2_cs20509_20260908T084924,20509,1.740618,1.955316,477.844966,800,1.575944,0.159162
N_none_T0.003,eoh_x1_none_T0.003_800_bh_sigE_s2e2_cs20510_20260908T091555,20510,1.247610,1.866079,4.521327,800,1.706278,0.161388
N_none_T0.003,eoh_x1_none_T0.003_800_bh_sigE_s2e2_cs20601_20260908T122523,20601,1.881477,1.895748,2.980638,800,1.841806,0.139098
N_none_T0.003,eoh_x1_none_T0.003_800_bh_sigE_s2e2_cs20602_20260908T141405,20602,1.086628,1.379768,0.894538,800,1.890194,0.134627
N_none_T0.003,eoh_x1_none_T0.003_800_bh_sigE_s2e2_cs20603_20260908T142055,20603,0.664051,0.704760,3.874928,800,1.991139,0.145754
N_none_T0.003,eoh_x1_none_T0.003_800_bh_sigE_s2e2_cs20604_20260908T161427,20604,1.116813,1.369891,3.031008,800,1.983944,0.157212
N_none_T0.003,eoh_x1_none_T0.003_800_bh_sigE_s2e2_cs20605_20260908T163455,20605,0.684173,0.744507,1.738705,800,1.771500,0.140687
N_none_T0.003,eoh_x1_none_T0.003_800_bh_sigE_s2e2_cs20606_20260908T181417,20606,0.895462,1.052462,0.496773,800,1.715111,0.134849
N_none_T0.003,eoh_x1_none_T0.003_800_bh_sigE_s2e2_cs20607_20260908T194252,20607,0.885401,0.973052,9.537447,800,2.189833,0.189145
N_none_T0.003,eoh_x1_none_T0.003_800_bh_sigE_s2e2_cs20608_20260908T201530,20608,0.734480,0.833828,3.030513,800,1.963278,0.146186
N_none_T0.003,eoh_x1_none_T0.003_800_bh_sigE_s2e2_cs20609_20260908T215515,20609,1.086628,1.638812,41.037357,800,1.904083,0.142143
N_none_T0.003,eoh_x1_none_T0.003_800_bh_sigE_s2e2_cs20610_20260908T223352,20610,1.287856,1.667793,0.496773,800,1.651333,0.141163
G_fermion_T0,g1_x2full_bh_sigE_fermion_T0_evt30_cs20501_20260909T052058,20501,0.664051,0.714592,2.285106,792,1.515556,0.145100
G_fermion_T0,g1_x2full_bh_sigE_fermion_T0_evt30_cs20502_20260909T052058,20502,1.016199,1.022758,0.596029,792,1.462111,0.139600
G_fermion_T0,g1_x2full_bh_sigE_fermion_T0_evt30_cs20503_20260909T065228,20503,1.187242,1.290146,1.242180,792,1.373139,0.130600
G_fermion_T0,g1_x2full_bh_sigE_fermion_T0_evt30_cs20504_20260909T065600,20504,1.146997,1.607953,1.291808,792,1.410222,0.131700
G_fermion_T0,g1_x2full_bh_sigE_fermion_T0_evt30_cs20505_20260909T082103,20505,0.885401,0.982839,0.844415,792,1.309389,0.134500
G_fermion_T0,g1_x2full_bh_sigE_fermion_T0_evt30_cs20506_20260909T094006,20506,1.267733,1.617841,1.043669,792,1.874167,0.156800
G_fermion_T0,g1_x2full_bh_sigE_fermion_T0_evt30_cs20507_20260909T094951,20507,1.519268,1.548709,8.097498,792,1.516583,0.141700
G_fermion_T0,g1_x2full_bh_sigE_fermion_T0_evt30_cs20508_20260909T113224,20508,3.732770,4.010062,0.546648,792,1.497250,0.133400
G_fermion_T0,g1_x2full_bh_sigE_fermion_T0_evt30_cs20509_20260909T114441,20509,0.653989,1.082175,1.440939,792,1.567417,0.135800
G_fermion_T0,g1_x2full_bh_sigE_fermion_T0_evt30_cs20510_20260909T130629,20510,0.724419,0.754299,4.322073,792,1.587722,0.140300
G_fermion_T0,g1_x2full_bh_sigE_fermion_T0_evt30_cs20601_20260908T123249,20601,1.247610,1.588034,0.943918,792,1.532778,0.129100
G_fermion_T0,g1_x2full_bh_sigE_fermion_T0_evt30_cs20602_20260908T123250,20602,1.157058,1.489401,0.248386,792,1.524667,0.132900
G_fermion_T0,g1_x2full_bh_sigE_fermion_T0_evt30_cs20603_20260908T141341,20603,0.754603,0.893273,1.291808,792,1.605833,0.144300
G_fermion_T0,g1_x2full_bh_sigE_fermion_T0_evt30_cs20604_20260908T155032,20604,0.774726,1.002755,1.639697,792,1.445556,0.137800
G_fermion_T0,g1_x2full_bh_sigE_fermion_T0_evt30_cs20605_20260908T171710,20605,0.714358,0.824005,0.496773,792,1.671361,0.154300
G_fermion_T0,g1_x2full_bh_sigE_fermion_T0_evt30_cs20606_20260908T175114,20606,1.126874,1.300631,0.596276,792,1.548167,0.141400
G_fermion_T0,g1_x2full_bh_sigE_fermion_T0_evt30_cs20607_20260908T192435,20607,1.277795,1.578601,0.546648,792,1.419361,0.127000
G_fermion_T0,g1_x2full_bh_sigE_fermion_T0_evt30_cs20608_20260908T205013,20608,0.664051,1.072313,3.377908,792,1.636083,0.161300
G_fermion_T0,g1_x2full_bh_sigE_fermion_T0_evt30_cs20609_20260908T222238,20609,3.793138,4.099256,0.546648,792,1.472972,0.139300
G_fermion_T0,g1_x2full_bh_sigE_fermion_T0_evt30_cs20610_20260908T225029,20610,0.774726,1.102233,1.540689,792,1.412694,0.129900
G_boson_T0.003,g1_x2full_bh_sigE_boson_T0.003_evt30_cs20501_20260909T052058,20501,0.664051,0.734586,3.477411,792,1.574472,0.147600
G_boson_T0.003,g1_x2full_bh_sigE_boson_T0.003_evt30_cs20502_20260909T052058,20502,0.704296,0.803928,0.943671,792,1.531500,0.146200
G_boson_T0.003,g1_x2full_bh_sigE_boson_T0.003_evt30_cs20503_20260909T065326,20503,0.684173,0.843994,0.496773,792,1.603167,0.173500
G_boson_T0.003,g1_x2full_bh_sigE_boson_T0.003_evt30_cs20504_20260909T081520,20504,0.825033,0.963200,135.525826,792,1.459750,0.139800
G_boson_T0.003,g1_x2full_bh_sigE_boson_T0.003_evt30_cs20505_20260909T082224,20505,0.885401,1.072235,0.546648,792,1.421472,0.164600
G_boson_T0.003,g1_x2full_bh_sigE_boson_T0.003_evt30_cs20506_20260909T094329,20506,0.714358,0.853698,0.645904,792,1.803583,0.179500
G_boson_T0.003,g1_x2full_bh_sigE_boson_T0.003_evt30_cs20507_20260909T095644,20507,1.489083,1.597914,544.115518,792,1.772917,0.162700
G_boson_T0.003,g1_x2full_bh_sigE_boson_T0.003_evt30_cs20508_20260909T113313,20508,3.823322,4.129047,0.546648,792,1.545389,0.142300
G_boson_T0.003,g1_x2full_bh_sigE_boson_T0.003_evt30_cs20509_20260909T130251,20509,3.249824,3.374811,0.496773,792,1.509056,0.136900
G_boson_T0.003,g1_x2full_bh_sigE_boson_T0.003_evt30_cs20510_20260909T131849,20510,1.287856,1.340178,1.043669,792,1.645111,0.149100
G_boson_T0.003,g1_x2full_bh_sigE_boson_T0.003_evt30_cs20601_20260908T123249,20601,0.674112,0.863855,2.086842,792,1.709972,0.160900
G_boson_T0.003,g1_x2full_bh_sigE_boson_T0.003_evt30_cs20602_20260908T140452,20602,0.975953,1.261431,0.496773,792,2.133167,0.147900
G_boson_T0.003,g1_x2full_bh_sigE_boson_T0.003_evt30_cs20603_20260908T141600,20603,0.603682,0.933467,0.198759,792,1.998889,0.170900
G_boson_T0.003,g1_x2full_bh_sigE_boson_T0.003_evt30_cs20604_20260908T161335,20604,0.804910,0.893440,2.483865,792,1.617472,0.149200
G_boson_T0.003,g1_x2full_bh_sigE_boson_T0.003_evt30_cs20605_20260908T171741,20605,0.996076,1.151471,337.374801,792,2.008194,0.159600
G_boson_T0.003,g1_x2full_bh_sigE_boson_T0.003_evt30_cs20606_20260908T185757,20606,0.704296,0.873598,0.496773,792,1.689417,0.167300
G_boson_T0.003,g1_x2full_bh_sigE_boson_T0.003_evt30_cs20607_20260908T192914,20607,0.945769,1.469194,9.935707,792,1.722639,0.156300
G_boson_T0.003,g1_x2full_bh_sigE_boson_T0.003_evt30_cs20608_20260908T205221,20608,0.694235,0.823966,0.447145,792,1.685806,0.217200
G_boson_T0.003,g1_x2full_bh_sigE_boson_T0.003_evt30_cs20609_20260908T222850,20609,1.257672,1.320134,1.440939,792,1.574528,0.151900
G_boson_T0.003,g1_x2full_bh_sigE_boson_T0.003_evt30_cs20610_20260908T235129,20610,0.664051,0.734541,3.030266,792,1.364111,0.156900
G_boson_T0.03,g1_x2full_bh_sigE_boson_T0.03_evt30_cs20501_20260909T052058,20501,0.593621,0.794312,1.838456,792,1.546556,0.151000
G_boson_T0.03,g1_x2full_bh_sigE_boson_T0.03_evt30_cs20502_20260909T064916,20502,1.046383,1.042325,101.425345,792,1.492583,0.150500
G_boson_T0.03,g1_x2full_bh_sigE_boson_T0.03_evt30_cs20503_20260909T065417,20503,2.263809,2.312717,1.192552,792,1.461194,0.145600
G_boson_T0.03,g1_x2full_bh_sigE_boson_T0.03_evt30_cs20504_20260909T081916,20504,1.177181,1.200968,1.788581,792,1.500778,0.158500
G_boson_T0.03,g1_x2full_bh_sigE_boson_T0.03_evt30_cs20505_20260909T083009,20505,1.297917,1.627751,1.142429,792,1.434111,0.151900
G_boson_T0.03,g1_x2full_bh_sigE_boson_T0.03_evt30_cs20506_20260909T094816,20506,0.553376,0.684829,0.198759,792,1.814944,0.178600
G_boson_T0.03,g1_x2full_bh_sigE_boson_T0.03_evt30_cs20507_20260909T112125,20507,0.623805,1.161491,0.347890,792,1.732556,0.174000
G_boson_T0.03,g1_x2full_bh_sigE_boson_T0.03_evt30_cs20508_20260909T113740,20508,1.800986,1.756887,5.265991,792,1.673361,0.155700
G_boson_T0.03,g1_x2full_bh_sigE_boson_T0.03_evt30_cs20509_20260909T130602,20509,1.046383,1.201017,1.242427,792,1.657639,0.149600
G_boson_T0.03,g1_x2full_bh_sigE_boson_T0.03_evt30_cs20510_20260909T131925,20510,3.259885,3.434399,0.993546,792,1.678500,0.156600
G_boson_T0.03,g1_x2full_bh_sigE_boson_T0.03_evt30_cs20601_20260908T123250,20601,0.986015,1.141660,0.546648,792,1.672389,0.148300
G_boson_T0.03,g1_x2full_bh_sigE_boson_T0.03_evt30_cs20602_20260908T140516,20602,1.297917,1.627751,1.142429,792,1.622333,0.149100
G_boson_T0.03,g1_x2full_bh_sigE_boson_T0.03_evt30_cs20603_20260908T154305,20603,0.955831,1.260114,0.546648,792,1.558806,0.145500
G_boson_T0.03,g1_x2full_bh_sigE_boson_T0.03_evt30_cs20604_20260908T161624,20604,1.982091,2.193503,0.795282,792,1.521083,0.147900
G_boson_T0.03,g1_x2full_bh_sigE_boson_T0.03_evt30_cs20605_20260908T174808,20605,0.915585,0.972831,1.887341,792,1.676361,0.153000
G_boson_T0.03,g1_x2full_bh_sigE_boson_T0.03_evt30_cs20606_20260908T191842,20606,2.092766,2.114018,6.507924,792,1.552083,0.145000
G_boson_T0.03,g1_x2full_bh_sigE_boson_T0.03_evt30_cs20607_20260908T203950,20607,0.724419,0.873446,1.937464,792,1.704639,0.179500
G_boson_T0.03,g1_x2full_bh_sigE_boson_T0.03_evt30_cs20608_20260908T211306,20608,0.935708,1.012277,1.887836,792,1.615111,0.182700
G_boson_T0.03,g1_x2full_bh_sigE_boson_T0.03_evt30_cs20609_20260908T223401,20609,1.126874,1.161216,0.745159,792,1.562306,0.156600
G_boson_T0.03,g1_x2full_bh_sigE_boson_T0.03_evt30_cs20610_20260909T000345,20610,1.066506,1.052216,5.663261,792,1.682306,0.191600
B1_parent_free,eoh_b1_i1only_800_evt30_s2e2_cs20601_20260909T013606,20601,3.732770,3.999905,1.142677,800,1.338361,0.092331
B1_parent_free,eoh_b1_i1only_800_evt30_s2e2_cs20602_20260909T013606,20602,3.088842,3.275564,0.546648,800,1.343028,0.092162
B1_parent_free,eoh_b1_i1only_800_evt30_s2e2_cs20603_20260909T013606,20603,2.666264,2.868519,1.093297,800,1.325972,0.091251
B1_parent_free,eoh_b1_i1only_800_evt30_s2e2_cs20604_20260909T025656,20604,2.012275,2.312508,0.894043,800,1.439500,0.091962
B1_parent_free,eoh_b1_i1only_800_evt30_s2e2_cs20605_20260909T030333,20605,2.736694,3.007399,32.041856,800,1.459167,0.091042
B1_parent_free,eoh_b1_i1only_800_evt30_s2e2_cs20606_20260909T042349,20606,1.056444,1.300444,0.546648,800,1.315389,0.091246
B1_parent_free,eoh_b1_i1only_800_evt30_s2e2_cs20607_20260909T043524,20607,3.481236,3.662458,296.219872,800,1.330889,0.091579
B1_parent_free,eoh_b1_i1only_800_evt30_s2e2_cs20608_20260909T044553,20608,3.863568,4.178749,0.546648,800,1.412028,0.092531
B1_parent_free,eoh_b1_i1only_800_evt30_s2e2_cs20609_20260909T055558,20609,3.823322,4.049779,0.546648,800,1.534500,0.092147
B1_parent_free,eoh_b1_i1only_800_evt30_s2e2_cs20610_20260909T061109,20610,3.038535,3.116508,0.745159,800,1.495778,0.097363
B2_quality_blind,eoh_b2_newest_uniform_800_evt30_s2e2_cs20601_20260909T013606,20601,1.851293,1.776749,0.496773,800,1.529722,0.151412
B2_quality_blind,eoh_b2_newest_uniform_800_evt30_s2e2_cs20602_20260909T013606,20602,2.646141,2.769322,1.142429,800,1.448750,0.137612
B2_quality_blind,eoh_b2_newest_uniform_800_evt30_s2e2_cs20603_20260909T025611,20603,1.297917,1.687472,1.043669,800,1.643556,0.139447
B2_quality_blind,eoh_b2_newest_uniform_800_evt30_s2e2_cs20604_20260909T025710,20604,2.626019,2.868544,1.043174,800,1.650917,0.142054
B2_quality_blind,eoh_b2_newest_uniform_800_evt30_s2e2_cs20605_20260909T030824,20605,0.915585,1.072161,0.546648,800,1.615972,0.140824
B2_quality_blind,eoh_b2_newest_uniform_800_evt30_s2e2_cs20606_20260909T043135,20606,1.559513,2.284014,0.596276,800,1.585444,0.149406
B2_quality_blind,eoh_b2_newest_uniform_800_evt30_s2e2_cs20607_20260909T043647,20607,1.640004,2.015029,0.546648,800,1.570000,0.143487
B2_quality_blind,eoh_b2_newest_uniform_800_evt30_s2e2_cs20608_20260909T054322,20608,2.807123,2.908335,0.844663,800,1.764917,0.151981
B2_quality_blind,eoh_b2_newest_uniform_800_evt30_s2e2_cs20609_20260909T060724,20609,1.318040,1.400146,0.496773,800,1.714000,0.146962
B2_quality_blind,eoh_b2_newest_uniform_800_evt30_s2e2_cs20610_20260909T061138,20610,2.646141,2.819024,0.894538,800,1.791000,0.157211
